-1.1,-0.78708,-0.53202
-1.1,-0.78664,-0.53396
-1.1,-0.78788,-0.52982
-1.1,-0.78662,-0.53036
-1.1,-0.78658,-0.52662
-1.1,-0.78954,-0.52704
-1.1,-0.78814,-0.52844
-1.1,-0.7872,-0.5343
-1.1,-0.78532,-0.53034
-1.1,-0.78828,-0.53198
-1.09,-0.7851,-0.52902
-1.09,-0.78448,-0.52708
-1.09,-0.78486,-0.52516
-1.09,-0.78698,-0.52166
-1.09,-0.7873,-0.52018
-1.09,-0.78422,-0.53012
-1.09,-0.78516,-0.52224
-1.09,-0.78678,-0.52194
-1.09,-0.7871,-0.52404
-1.09,-0.78284,-0.5234
-1.08,-0.78456,-0.51582
-1.08,-0.78486,-0.51284
-1.08,-0.78452,-0.52076
-1.08,-0.78274,-0.51858
-1.08,-0.78112,-0.5149
-1.08,-0.77812,-0.52348
-1.08,-0.7872,-0.51988
-1.08,-0.78288,-0.524
-1.08,-0.78508,-0.51814
-1.08,-0.78306,-0.51862
-1.07,-0.78018,-0.51212
-1.07,-0.78206,-0.514
-1.07,-0.7821,-0.5104
-1.07,-0.78166,-0.50994
-1.07,-0.78812,-0.50872
-1.07,-0.7798,-0.5082
-1.07,-0.78594,-0.50382
-1.07,-0.78362,-0.50402
-1.07,-0.78144,-0.51018
-1.07,-0.7782,-0.52166
-1.06,-0.7819,-0.49864
-1.06,-0.7798,-0.50286
-1.06,-0.78114,-0.50388
-1.06,-0.78054,-0.49678
-1.06,-0.77468,-0.5098
-1.06,-0.77794,-0.50392
-1.06,-0.7831,-0.49826
-1.06,-0.77676,-0.50558
-1.06,-0.7785,-0.50824
-1.06,-0.77542,-0.50054
-1.05,-0.77934,-0.4912
-1.05,-0.77442,-0.49898
-1.05,-0.7782,-0.50132
-1.05,-0.7812,-0.49074
-1.05,-0.77904,-0.49822
-1.05,-0.7789,-0.49254
-1.05,-0.77878,-0.48886
-1.05,-0.78084,-0.48988
-1.05,-0.77838,-0.4963
-1.05,-0.77648,-0.50086
-1.04,-0.77344,-0.48988
-1.04,-0.77806,-0.48354
-1.04,-0.77692,-0.48982
-1.04,-0.77252,-0.4899
-1.04,-0.77214,-0.49266
-1.04,-0.78052,-0.48664
-1.04,-0.77746,-0.48168
-1.04,-0.77252,-0.49166
-1.04,-0.7799,-0.48904
-1.04,-0.77882,-0.48664
-1.03,-0.77346,-0.47662
-1.03,-0.7741,-0.47554
-1.03,-0.77454,-0.47646
-1.03,-0.77334,-0.47766
-1.03,-0.7778,-0.47234
-1.03,-0.77322,-0.48396
-1.03,-0.7749,-0.47716
-1.03,-0.77446,-0.47618
-1.03,-0.77798,-0.47498
-1.03,-0.76952,-0.48322
-1.02,-0.77348,-0.46618
-1.02,-0.7717,-0.46732
-1.02,-0.7751,-0.4696
-1.02,-0.77116,-0.47396
-1.02,-0.77272,-0.47326
-1.02,-0.77478,-0.46846
-1.02,-0.77408,-0.46704
-1.02,-0.7744,-0.47244
-1.02,-0.77754,-0.4642
-1.02,-0.76968,-0.47246
-1.01,-0.77128,-0.46428
-1.01,-0.7653,-0.46492
-1.01,-0.76224,-0.46334
-1.01,-0.76854,-0.46588
-1.01,-0.77722,-0.45532
-1.01,-0.77298,-0.45916
-1.01,-0.77054,-0.46264
-1.01,-0.77022,-0.46204
-1.01,-0.77072,-0.4653
-1.01,-0.76902,-0.46612
-1,-0.76634,-0.4548
-1,-0.76444,-0.45364
-1,-0.77196,-0.45406
-1,-0.76996,-0.45202
-1,-0.76754,-0.45512
-1,-0.76786,-0.45762
-1,-0.7671,-0.4539
-1,-0.77366,-0.44912
-1,-0.7664,-0.45762
-1,-0.76782,-0.4559
-0.99,-0.76544,-0.44788
-0.99,-0.76566,-0.44786
-0.99,-0.769,-0.4508
-0.99,-0.7675,-0.44794
-0.99,-0.76892,-0.44518
-0.99,-0.76746,-0.44594
-0.99,-0.76718,-0.4414
-0.99,-0.7682,-0.44324
-0.99,-0.77124,-0.44274
-0.99,-0.76822,-0.44242
-0.98,-0.7622,-0.44354
-0.98,-0.77078,-0.42878
-0.98,-0.76494,-0.43526
-0.98,-0.7667,-0.43548
-0.98,-0.77464,-0.4286
-0.98,-0.76244,-0.44338
-0.98,-0.76444,-0.43402
-0.98,-0.7668,-0.43314
-0.98,-0.767,-0.43334
-0.98,-0.76304,-0.44108
-0.97,-0.76434,-0.43038
-0.97,-0.76448,-0.43056
-0.97,-0.76668,-0.42884
-0.97,-0.76434,-0.4226
-0.97,-0.76468,-0.4243
-0.97,-0.76094,-0.42754
-0.97,-0.76064,-0.43342
-0.97,-0.76424,-0.43044
-0.97,-0.76134,-0.43422
-0.97,-0.76206,-0.4305
-0.96,-0.76606,-0.41536
-0.96,-0.7584,-0.42434
-0.96,-0.76414,-0.4189
-0.96,-0.76594,-0.41102
-0.96,-0.75866,-0.41758
-0.96,-0.7654,-0.41678
-0.96,-0.7625,-0.42086
-0.96,-0.76354,-0.4179
-0.96,-0.7651,-0.417
-0.96,-0.76002,-0.41862
-0.95,-0.76312,-0.40664
-0.95,-0.75718,-0.41124
-0.95,-0.76786,-0.4002
-0.95,-0.75676,-0.41626
-0.95,-0.7671,-0.40308
-0.95,-0.75724,-0.4113
-0.95,-0.76394,-0.39784
-0.95,-0.76192,-0.40842
-0.95,-0.7632,-0.4124
-0.95,-0.76484,-0.40508
-0.94,-0.7567,-0.40474
-0.94,-0.76086,-0.4031
-0.94,-0.76306,-0.39666
-0.94,-0.75916,-0.39936
-0.94,-0.75794,-0.4019
-0.94,-0.75938,-0.39342
-0.94,-0.75758,-0.40222
-0.94,-0.76188,-0.40124
-0.94,-0.76022,-0.39752
-0.94,-0.76388,-0.3966
-0.93,-0.75746,-0.3907
-0.93,-0.7581,-0.39146
-0.93,-0.76042,-0.3885
-0.93,-0.76608,-0.38064
-0.93,-0.75624,-0.39426
-0.93,-0.76082,-0.38504
-0.93,-0.76344,-0.386
-0.93,-0.75844,-0.39502
-0.93,-0.75894,-0.39118
-0.93,-0.7578,-0.39562
-0.92,-0.76006,-0.37934
-0.92,-0.75722,-0.37654
-0.92,-0.75802,-0.38366
-0.92,-0.75192,-0.38612
-0.92,-0.75526,-0.38284
-0.92,-0.76258,-0.37802
-0.92,-0.75918,-0.37586
-0.92,-0.75776,-0.38178
-0.92,-0.75246,-0.3899
-0.92,-0.75786,-0.3753
-0.91,-0.75728,-0.3666
-0.91,-0.7563,-0.36426
-0.91,-0.76204,-0.3677
-0.91,-0.75518,-0.3708
-0.91,-0.75994,-0.36816
-0.91,-0.75574,-0.3691
-0.91,-0.7587,-0.36746
-0.91,-0.76112,-0.36456
-0.91,-0.75446,-0.37292
-0.91,-0.75674,-0.36634
-0.9,-0.75838,-0.36374
-0.9,-0.75512,-0.35804
-0.9,-0.7565,-0.35914
-0.9,-0.75246,-0.36682
-0.9,-0.75192,-0.36278
-0.9,-0.75144,-0.3578
-0.9,-0.7563,-0.36308
-0.9,-0.7544,-0.36404
-0.9,-0.76158,-0.35226
-0.9,-0.7563,-0.35884
-0.89,-0.75738,-0.3435
-0.89,-0.75426,-0.3529
-0.89,-0.7536,-0.34758
-0.89,-0.7526,-0.34802
-0.89,-0.75142,-0.35102
-0.89,-0.75944,-0.34226
-0.89,-0.7523,-0.35542
-0.89,-0.75408,-0.34674
-0.89,-0.75162,-0.34814
-0.89,-0.755,-0.34962
-0.88,-0.7533,-0.33594
-0.88,-0.7488,-0.33946
-0.88,-0.76058,-0.32784
-0.88,-0.75602,-0.3409
-0.88,-0.75006,-0.34852
-0.88,-0.75616,-0.33782
-0.88,-0.75312,-0.3341
-0.88,-0.75538,-0.33718
-0.88,-0.75826,-0.341
-0.88,-0.75364,-0.33146
-0.87,-0.75266,-0.33046
-0.87,-0.75536,-0.3273
-0.87,-0.75494,-0.33046
-0.87,-0.75718,-0.32584
-0.87,-0.75564,-0.3246
-0.87,-0.75402,-0.32276
-0.87,-0.7538,-0.32594
-0.87,-0.75002,-0.33098
-0.87,-0.76086,-0.31738
-0.87,-0.75436,-0.32858
-0.86,-0.75252,-0.31212
-0.86,-0.75488,-0.31912
-0.86,-0.7511,-0.32008
-0.86,-0.75326,-0.31434
-0.86,-0.75226,-0.3263
-0.86,-0.75332,-0.31428
-0.86,-0.75704,-0.307
-0.86,-0.7527,-0.3188
-0.86,-0.74864,-0.31834
-0.86,-0.7532,-0.32552
-0.85,-0.75026,-0.30776
-0.85,-0.7519,-0.30694
-0.85,-0.7547,-0.3043
-0.85,-0.75118,-0.30528
-0.85,-0.75526,-0.30586
-0.85,-0.75668,-0.3024
-0.85,-0.74948,-0.30658
-0.85,-0.75358,-0.30696
-0.85,-0.75046,-0.30976
-0.85,-0.75632,-0.30466
-0.84,-0.7525,-0.29368
-0.84,-0.7524,-0.30328
-0.84,-0.75092,-0.3011
-0.84,-0.7523,-0.29518
-0.84,-0.75566,-0.28788
-0.84,-0.74698,-0.30236
-0.84,-0.74312,-0.30364
-0.84,-0.7554,-0.29322
-0.84,-0.75438,-0.29422
-0.84,-0.75236,-0.29378
-0.83,-0.74846,-0.29272
-0.83,-0.75314,-0.28028
-0.83,-0.75108,-0.28608
-0.83,-0.7451,-0.289
-0.83,-0.74956,-0.28682
-0.83,-0.75334,-0.28268
-0.83,-0.74782,-0.29064
-0.83,-0.75332,-0.28348
-0.83,-0.75518,-0.2835
-0.83,-0.75004,-0.28354
-0.82,-0.7515,-0.27036
-0.82,-0.7486,-0.27306
-0.82,-0.75302,-0.26762
-0.82,-0.75208,-0.26826
-0.82,-0.75222,-0.26786
-0.82,-0.75346,-0.27214
-0.82,-0.75408,-0.27314
-0.82,-0.75212,-0.26764
-0.82,-0.74672,-0.27654
-0.82,-0.74864,-0.27646
-0.81,-0.7495,-0.26452
-0.81,-0.7497,-0.25812
-0.81,-0.75232,-0.25596
-0.81,-0.75474,-0.26284
-0.81,-0.74558,-0.26352
-0.81,-0.74512,-0.26934
-0.81,-0.7527,-0.25838
-0.81,-0.75426,-0.25782
-0.81,-0.75132,-0.25746
-0.81,-0.75154,-0.25804
-0.8,-0.74726,-0.25652
-0.8,-0.75416,-0.25042
-0.8,-0.75096,-0.25176
-0.8,-0.75036,-0.25208
-0.8,-0.74776,-0.25716
-0.8,-0.75498,-0.2453
-0.8,-0.75268,-0.2456
-0.8,-0.74758,-0.25492
-0.8,-0.751,-0.24854
-0.8,-0.75058,-0.25288
-0.79,-0.75378,-0.23908
-0.79,-0.74788,-0.23608
-0.79,-0.74546,-0.249
-0.79,-0.75136,-0.23428
-0.79,-0.75438,-0.23704
-0.79,-0.74902,-0.23502
-0.79,-0.75692,-0.23164
-0.79,-0.7513,-0.23568
-0.79,-0.74402,-0.24452
-0.79,-0.7526,-0.24238
-0.78,-0.74832,-0.2238
-0.78,-0.75058,-0.22542
-0.78,-0.74576,-0.23252
-0.78,-0.75458,-0.22822
-0.78,-0.75638,-0.22494
-0.78,-0.75176,-0.21828
-0.78,-0.75232,-0.22464
-0.78,-0.74836,-0.2283
-0.78,-0.74956,-0.22782
-0.78,-0.7525,-0.22324
-0.77,-0.74612,-0.2214
-0.77,-0.75016,-0.21038
-0.77,-0.74718,-0.21718
-0.77,-0.75672,-0.20756
-0.77,-0.75122,-0.21488
-0.77,-0.7533,-0.21362
-0.77,-0.74716,-0.21962
-0.77,-0.75476,-0.2104
-0.77,-0.7535,-0.20738
-0.77,-0.74686,-0.21754
-0.76,-0.75004,-0.19914
-0.76,-0.74654,-0.2038
-0.76,-0.75102,-0.20366
-0.76,-0.75472,-0.19296
-0.76,-0.7553,-0.19878
-0.76,-0.74824,-0.19538
-0.76,-0.74808,-0.20534
-0.76,-0.7564,-0.1909
-0.76,-0.7491,-0.20076
-0.76,-0.75258,-0.19756
-0.75,-0.7463,-0.18494
-0.75,-0.74952,-0.18334
-0.75,-0.75296,-0.1899
-0.75,-0.74684,-0.1893
-0.75,-0.7516,-0.18888
-0.75,-0.7478,-0.18746
-0.75,-0.74832,-0.19428
-0.75,-0.7523,-0.18744
-0.75,-0.74372,-0.18908
-0.75,-0.74578,-0.19276
-0.74,-0.74938,-0.17638
-0.74,-0.74538,-0.18114
-0.74,-0.74774,-0.1831
-0.74,-0.75136,-0.17616
-0.74,-0.74888,-0.17808
-0.74,-0.75286,-0.16912
-0.74,-0.75534,-0.16932
-0.74,-0.75246,-0.16768
-0.74,-0.75724,-0.17118
-0.74,-0.75946,-0.16738
-0.73,-0.75478,-0.16106
-0.73,-0.75098,-0.16114
-0.73,-0.75066,-0.16442
-0.73,-0.74522,-0.16676
-0.73,-0.74874,-0.16222
-0.73,-0.754,-0.15648
-0.73,-0.74648,-0.1643
-0.73,-0.7478,-0.16308
-0.73,-0.74942,-0.16512
-0.73,-0.74846,-0.1671
-0.72,-0.7534,-0.14758
-0.72,-0.74902,-0.14746
-0.72,-0.75166,-0.14588
-0.72,-0.7468,-0.1527
-0.72,-0.75096,-0.1555
-0.72,-0.74684,-0.15244
-0.72,-0.75374,-0.13734
-0.72,-0.75642,-0.14744
-0.72,-0.74874,-0.15294
-0.72,-0.74926,-0.15396
-0.71,-0.75176,-0.13578
-0.71,-0.75186,-0.13072
-0.71,-0.7549,-0.13876
-0.71,-0.74672,-0.13278
-0.71,-0.75382,-0.12764
-0.71,-0.75082,-0.1364
-0.71,-0.74742,-0.13622
-0.71,-0.75044,-0.1384
-0.71,-0.74948,-0.14218
-0.71,-0.74892,-0.13414
-0.7,-0.7507,-0.12204
-0.7,-0.75416,-0.12566
-0.7,-0.74934,-0.12418
-0.7,-0.7534,-0.12818
-0.7,-0.7497,-0.12352
-0.7,-0.75074,-0.12486
-0.7,-0.75028,-0.12306
-0.7,-0.75504,-0.11936
-0.7,-0.75438,-0.1197
-0.7,-0.7456,-0.13068
-0.69,-0.74814,-0.11394
-0.69,-0.7468,-0.11298
-0.69,-0.75168,-0.10784
-0.69,-0.75094,-0.10558
-0.69,-0.75634,-0.10206
-0.69,-0.7529,-0.11386
-0.69,-0.75282,-0.10808
-0.69,-0.75212,-0.1107
-0.69,-0.753,-0.11158
-0.69,-0.75408,-0.11238
-0.68,-0.75142,-0.09418
-0.68,-0.75678,-0.09322
-0.68,-0.75264,-0.09588
-0.68,-0.75496,-0.09626
-0.68,-0.75162,-0.09492
-0.68,-0.75272,-0.09784
-0.68,-0.74986,-0.09942
-0.68,-0.75604,-0.08504
-0.68,-0.74672,-0.10504
-0.68,-0.7556,-0.09118
-0.67,-0.75588,-0.0774
-0.67,-0.74962,-0.08506
-0.67,-0.75508,-0.0813
-0.67,-0.75248,-0.07866
-0.67,-0.7518,-0.08432
-0.67,-0.75096,-0.08344
-0.67,-0.75288,-0.08504
-0.67,-0.7553,-0.07966
-0.67,-0.758,-0.08022
-0.67,-0.7559,-0.07592
-0.66,-0.7588,-0.06358
-0.66,-0.7561,-0.06344
-0.66,-0.75892,-0.06658
-0.66,-0.75268,-0.07386
-0.66,-0.75036,-0.07458
-0.66,-0.75344,-0.0651
-0.66,-0.75226,-0.07236
-0.66,-0.7544,-0.06744
-0.66,-0.74676,-0.07432
-0.66,-0.75308,-0.07124
-0.65,-0.75612,-0.0537
-0.65,-0.75196,-0.04956
-0.65,-0.75304,-0.05108
-0.65,-0.75498,-0.05354
-0.65,-0.75698,-0.0473
-0.65,-0.7519,-0.05386
-0.65,-0.75836,-0.05406
-0.65,-0.75994,-0.05118
-0.65,-0.75598,-0.05226
-0.65,-0.7531,-0.05568
-0.64,-0.76024,-0.03938
-0.64,-0.75512,-0.0392
-0.64,-0.75226,-0.04668
-0.64,-0.75504,-0.03652
-0.64,-0.76554,-0.02784
-0.64,-0.75506,-0.04124
-0.64,-0.7535,-0.04246
-0.64,-0.754,-0.04618
-0.64,-0.75796,-0.04114
-0.64,-0.75792,-0.03628
-0.63,-0.76286,-0.0169
-0.63,-0.7588,-0.01956
-0.63,-0.75528,-0.0307
-0.63,-0.75446,-0.02916
-0.63,-0.75604,-0.02278
-0.63,-0.75486,-0.02762
-0.63,-0.75532,-0.03148
-0.63,-0.7523,-0.02958
-0.63,-0.75574,-0.02544
-0.63,-0.76108,-0.0124
-0.62,-0.7587,-0.00564
-0.62,-0.75862,-0.00976
-0.62,-0.75824,-0.00754
-0.62,-0.75262,-0.01756
-0.62,-0.75646,-0.00682
-0.62,-0.7594,-0.01086
-0.62,-0.75524,-0.01586
-0.62,-0.75574,-0.014
-0.62,-0.76068,-0.00904
-0.62,-0.76224,0.00176
-0.61,-0.75788,0.00208
-0.61,-0.75912,0.00498
-0.61,-0.7619,0.00756
-0.61,-0.75694,-0.00102
-0.61,-0.75906,0.00224
-0.61,-0.75696,0.00652
-0.61,-0.75476,-0.00116
-0.61,-0.75608,0.00284
-0.61,-0.75446,-0.00744
-0.61,-0.75232,8e-05
-0.6,-0.75938,0.01088
-0.6,-0.759,0.02398
-0.6,-0.7588,0.015
-0.6,-0.75868,0.01738
-0.6,-0.76372,0.02004
-0.6,-0.76176,0.0232
-0.6,-0.76184,0.01436
-0.6,-0.76164,0.0158
-0.6,-0.75914,0.02258
-0.6,-0.75826,0.01608
-0.59,-0.75634,0.0252
-0.59,-0.76218,0.03128
-0.59,-0.75784,0.03624
-0.59,-0.757,0.03178
-0.59,-0.75388,0.02104
-0.59,-0.76002,0.02894
-0.59,-0.75916,0.03496
-0.59,-0.75764,0.03314
-0.59,-0.76252,0.0315
-0.59,-0.75772,0.02792
-0.58,-0.7565,0.04312
-0.58,-0.76644,0.054
-0.58,-0.76774,0.05696
-0.58,-0.76518,0.05048
-0.58,-0.75352,0.04768
-0.58,-0.76422,0.05298
-0.58,-0.76652,0.0551
-0.58,-0.75788,0.0416
-0.58,-0.76412,0.0532
-0.58,-0.75832,0.04566
-0.57,-0.7597,0.05534
-0.57,-0.76646,0.06228
-0.57,-0.75484,0.04858
-0.57,-0.76006,0.06298
-0.57,-0.7649,0.06384
-0.57,-0.76176,0.05652
-0.57,-0.76362,0.06584
-0.57,-0.76236,0.0596
-0.57,-0.75772,0.05316
-0.57,-0.76154,0.06226
-0.56,-0.76364,0.07494
-0.56,-0.75732,0.06772
-0.56,-0.76286,0.08058
-0.56,-0.75956,0.07028
-0.56,-0.76128,0.07334
-0.56,-0.76456,0.08066
-0.56,-0.76276,0.07198
-0.56,-0.75682,0.07082
-0.56,-0.76534,0.07434
-0.56,-0.75946,0.07976
-0.55,-0.75764,0.0834
-0.55,-0.76298,0.08324
-0.55,-0.76002,0.08022
-0.55,-0.76336,0.0874
-0.55,-0.76242,0.08784
-0.55,-0.7644,0.08966
-0.55,-0.75902,0.08092
-0.55,-0.76326,0.09082
-0.55,-0.76618,0.0995
-0.55,-0.7591,0.08388
-0.54,-0.76376,0.09878
-0.54,-0.76228,0.09562
-0.54,-0.76542,0.1029
-0.54,-0.76324,0.09756
-0.54,-0.76188,0.10214
-0.54,-0.76164,0.09654
-0.54,-0.75768,0.0989
-0.54,-0.76082,0.09476
-0.54,-0.75846,0.10344
-0.54,-0.75988,0.09644
-0.53,-0.75982,0.1121
-0.53,-0.75468,0.10246
-0.53,-0.76198,0.1173
-0.53,-0.76082,0.10954
-0.53,-0.7646,0.1168
-0.53,-0.7548,0.10844
-0.53,-0.76104,0.10976
-0.53,-0.76058,0.10862
-0.53,-0.76676,0.11696
-0.53,-0.76496,0.1174
-0.52,-0.76124,0.1197
-0.52,-0.765,0.12964
-0.52,-0.76718,0.12918
-0.52,-0.76568,0.12912
-0.52,-0.76444,0.1303
-0.52,-0.76676,0.13004
-0.52,-0.76376,0.12536
-0.52,-0.75988,0.12494
-0.52,-0.76478,0.12484
-0.52,-0.7692,0.1347
-0.51,-0.7658,0.14446
-0.51,-0.7715,0.15424
-0.51,-0.76486,0.14054
-0.51,-0.76214,0.13874
-0.51,-0.76,0.14196
-0.51,-0.76388,0.13998
-0.51,-0.76622,0.14804
-0.51,-0.76312,0.14236
-0.51,-0.76072,0.1351
-0.51,-0.76348,0.1372
-0.5,-0.76218,0.1472
-0.5,-0.76648,0.15506
-0.5,-0.7616,0.15648
-0.5,-0.76354,0.1584
-0.5,-0.76564,0.15744
-0.5,-0.76726,0.15772
-0.5,-0.7627,0.15456
-0.5,-0.7709,0.15442
-0.5,-0.76182,0.15162
-0.5,-0.76834,0.15902
-0.49,-0.76668,0.16472
-0.49,-0.76464,0.17172
-0.49,-0.7655,0.16996
-0.49,-0.76504,0.16896
-0.49,-0.75878,0.16048
-0.49,-0.76722,0.16486
-0.49,-0.76806,0.17186
-0.49,-0.76596,0.1711
-0.49,-0.76482,0.16352
-0.49,-0.76538,0.1682
-0.48,-0.76422,0.17868
-0.48,-0.7678,0.17762
-0.48,-0.76414,0.18508
-0.48,-0.76104,0.1821
-0.48,-0.7605,0.17798
-0.48,-0.76358,0.181
-0.48,-0.76452,0.17748
-0.48,-0.76432,0.17296
-0.48,-0.76522,0.17902
-0.48,-0.76302,0.18206
-0.47,-0.76334,0.19506
-0.47,-0.76574,0.19442
-0.47,-0.76456,0.19428
-0.47,-0.7632,0.1878
-0.47,-0.76746,0.20114
-0.47,-0.76596,0.18956
-0.47,-0.75976,0.18114
-0.47,-0.76444,0.19492
-0.47,-0.7648,0.19422
-0.47,-0.7632,0.18434
-0.46,-0.76556,0.20866
-0.46,-0.76458,0.20324
-0.46,-0.7616,0.20174
-0.46,-0.76452,0.20096
-0.46,-0.7611,0.20244
-0.46,-0.76186,0.20078
-0.46,-0.77288,0.20578
-0.46,-0.76544,0.20874
-0.46,-0.76796,0.2089
-0.46,-0.76902,0.20674
-0.45,-0.76328,0.21482
-0.45,-0.76402,0.21156
-0.45,-0.76768,0.2267
-0.45,-0.76292,0.21014
-0.45,-0.76472,0.21396
-0.45,-0.76638,0.21988
-0.45,-0.76378,0.21218
-0.45,-0.76178,0.22114
-0.45,-0.76986,0.21978
-0.45,-0.76306,0.21676
-0.44,-0.76632,0.22896
-0.44,-0.76928,0.23544
-0.44,-0.76434,0.23586
-0.44,-0.76476,0.22712
-0.44,-0.75914,0.22226
-0.44,-0.7654,0.23424
-0.44,-0.77336,0.23794
-0.44,-0.76128,0.2219
-0.44,-0.76282,0.23078
-0.44,-0.76364,0.22478
-0.43,-0.76384,0.23672
-0.43,-0.7605,0.2363
-0.43,-0.76248,0.23882
-0.43,-0.76672,0.24446
-0.43,-0.75908,0.23936
-0.43,-0.75958,0.23778
-0.43,-0.76536,0.24722
-0.43,-0.76128,0.23412
-0.43,-0.7594,0.23718
-0.43,-0.76738,0.24612
-0.42,-0.76556,0.25648
-0.42,-0.76978,0.2556
-0.42,-0.76188,0.25208
-0.42,-0.76492,0.25546
-0.42,-0.76594,0.25042
-0.42,-0.76306,0.25598
-0.42,-0.76576,0.25746
-0.42,-0.76584,0.2565
-0.42,-0.76556,0.25736
-0.42,-0.76982,0.26252
-0.41,-0.76866,0.27424
-0.41,-0.7675,0.27168
-0.41,-0.759,0.25706
-0.41,-0.76674,0.27152
-0.41,-0.76718,0.27096
-0.41,-0.7589,0.26072
-0.41,-0.76192,0.26674
-0.41,-0.76032,0.2679
-0.41,-0.75976,0.25652
-0.41,-0.76402,0.26332
-0.4,-0.76222,0.27378
-0.4,-0.76588,0.28076
-0.4,-0.76968,0.28462
-0.4,-0.76074,0.27246
-0.4,-0.7696,0.28298
-0.4,-0.76404,0.27044
-0.4,-0.76454,0.27812
-0.4,-0.76298,0.27392
-0.4,-0.76728,0.27614
-0.4,-0.7656,0.2735
-0.39,-0.7623,0.2874
-0.39,-0.76184,0.2905
-0.39,-0.76158,0.2866
-0.39,-0.76094,0.286
-0.39,-0.76186,0.28474
-0.39,-0.77044,0.30272
-0.39,-0.76776,0.29272
-0.39,-0.76218,0.29298
-0.39,-0.75774,0.28304
-0.39,-0.75972,0.28734
-0.38,-0.76124,0.30238
-0.38,-0.7627,0.29646
-0.38,-0.76842,0.29998
-0.38,-0.76386,0.3004
-0.38,-0.76346,0.2966
-0.38,-0.7641,0.3025
-0.38,-0.7609,0.30052
-0.38,-0.76452,0.3082
-0.38,-0.76274,0.2984
-0.38,-0.76332,0.30386
-0.37,-0.76226,0.30904
-0.37,-0.76404,0.3151
-0.37,-0.76452,0.31648
-0.37,-0.75782,0.30584
-0.37,-0.76044,0.31322
-0.37,-0.76334,0.31486
-0.37,-0.75956,0.30116
-0.37,-0.76556,0.30768
-0.37,-0.7624,0.3166
-0.37,-0.76598,0.31824
-0.36,-0.76424,0.32446
-0.36,-0.7598,0.31504
-0.36,-0.76508,0.32616
-0.36,-0.76542,0.33018
-0.36,-0.76028,0.3175
-0.36,-0.76054,0.32092
-0.36,-0.75836,0.31538
-0.36,-0.76292,0.32072
-0.36,-0.76298,0.3277
-0.36,-0.75508,0.31926
-0.35,-0.76188,0.33466
-0.35,-0.7577,0.332
-0.35,-0.76418,0.3315
-0.35,-0.76064,0.32774
-0.35,-0.75868,0.33534
-0.35,-0.76136,0.33178
-0.35,-0.76224,0.33748
-0.35,-0.76094,0.33032
-0.35,-0.75808,0.3285
-0.35,-0.76398,0.3338
-0.34,-0.7636,0.34698
-0.34,-0.75858,0.34222
-0.34,-0.76124,0.34986
-0.34,-0.76266,0.34582
-0.34,-0.76226,0.34676
-0.34,-0.76268,0.34524
-0.34,-0.76344,0.34756
-0.34,-0.75994,0.34252
-0.34,-0.7634,0.3396
-0.34,-0.761,0.34974
-0.33,-0.75668,0.3509
-0.33,-0.7611,0.3554
-0.33,-0.76382,0.35102
-0.33,-0.76332,0.35296
-0.33,-0.76092,0.35116
-0.33,-0.7594,0.35072
-0.33,-0.76154,0.35224
-0.33,-0.75802,0.35706
-0.33,-0.76188,0.35572
-0.33,-0.76166,0.35752
-0.32,-0.75972,0.36426
-0.32,-0.75612,0.36558
-0.32,-0.75606,0.35802
-0.32,-0.75824,0.36968
-0.32,-0.7601,0.37214
-0.32,-0.76576,0.3676
-0.32,-0.761,0.3689
-0.32,-0.76002,0.36876
-0.32,-0.75862,0.36594
-0.32,-0.76206,0.36562
-0.31,-0.76044,0.37704
-0.31,-0.758,0.37182
-0.31,-0.7589,0.37714
-0.31,-0.75652,0.37298
-0.31,-0.75738,0.37784
-0.31,-0.75556,0.37152
-0.31,-0.7612,0.3754
-0.31,-0.7575,0.37656
-0.31,-0.76032,0.37946
-0.31,-0.76006,0.37962
-0.3,-0.7574,0.37922
-0.3,-0.75042,0.37722
-0.3,-0.75936,0.38626
-0.3,-0.75652,0.3826
-0.3,-0.76142,0.39206
-0.3,-0.7534,0.3851
-0.3,-0.75596,0.38434
-0.3,-0.75586,0.38558
-0.3,-0.75588,0.38278
-0.3,-0.7561,0.38142
-0.29,-0.75588,0.38906
-0.29,-0.75628,0.39804
-0.29,-0.75628,0.39988
-0.29,-0.75748,0.39168
-0.29,-0.75652,0.38848
-0.29,-0.75572,0.39632
-0.29,-0.75504,0.39202
-0.29,-0.75904,0.39442
-0.29,-0.75918,0.3947
-0.29,-0.75864,0.39772
-0.28,-0.75316,0.40174
-0.28,-0.75206,0.40308
-0.28,-0.75166,0.39874
-0.28,-0.75358,0.40394
-0.28,-0.7509,0.40246
-0.28,-0.74998,0.40622
-0.28,-0.75832,0.40158
-0.28,-0.7559,0.4009
-0.28,-0.75028,0.40452
-0.28,-0.7549,0.40458
-0.27,-0.7532,0.4131
-0.27,-0.75656,0.41394
-0.27,-0.75446,0.41608
-0.27,-0.75496,0.41652
-0.27,-0.74894,0.39972
-0.27,-0.76076,0.4183
-0.27,-0.75092,0.40962
-0.27,-0.75594,0.40886
-0.27,-0.75596,0.4155
-0.27,-0.75676,0.41512
-0.26,-0.75416,0.4248
-0.26,-0.7507,0.42318
-0.26,-0.7516,0.42328
-0.26,-0.75536,0.42808
-0.26,-0.74542,0.41486
-0.26,-0.75082,0.42284
-0.26,-0.75362,0.42442
-0.26,-0.74972,0.41866
-0.26,-0.74986,0.41932
-0.26,-0.75326,0.4236
-0.25,-0.75206,0.43668
-0.25,-0.7529,0.42644
-0.25,-0.74922,0.43166
-0.25,-0.7462,0.4244
-0.25,-0.74188,0.42702
-0.25,-0.74908,0.43042
-0.25,-0.74592,0.42988
-0.25,-0.75246,0.42944
-0.25,-0.74674,0.4312
-0.25,-0.74978,0.4271
-0.24,-0.74836,0.43854
-0.24,-0.74412,0.4408
-0.24,-0.74988,0.44228
-0.24,-0.74726,0.4386
-0.24,-0.74698,0.43792
-0.24,-0.75064,0.43766
-0.24,-0.75106,0.4419
-0.24,-0.74702,0.4419
-0.24,-0.74716,0.43524
-0.24,-0.75208,0.43924
-0.23,-0.74504,0.4435
-0.23,-0.74592,0.44746
-0.23,-0.74428,0.44834
-0.23,-0.75228,0.45396
-0.23,-0.74462,0.44688
-0.23,-0.74652,0.44938
-0.23,-0.74646,0.4448
-0.23,-0.7479,0.4519
-0.23,-0.74324,0.44982
-0.23,-0.74424,0.44506
-0.22,-0.74638,0.45494
-0.22,-0.74948,0.46252
-0.22,-0.74012,0.45264
-0.22,-0.74914,0.46492
-0.22,-0.7476,0.45274
-0.22,-0.74046,0.452
-0.22,-0.74378,0.45616
-0.22,-0.73764,0.45552
-0.22,-0.74854,0.45988
-0.22,-0.74438,0.46226
-0.21,-0.74246,0.46892
-0.21,-0.7457,0.46468
-0.21,-0.73774,0.45778
-0.21,-0.7428,0.46554
-0.21,-0.74626,0.46484
-0.21,-0.73898,0.4641
-0.21,-0.74704,0.47054
-0.21,-0.74284,0.46408
-0.21,-0.73998,0.46342
-0.21,-0.7438,0.4675
-0.2,-0.74162,0.46618
-0.2,-0.74502,0.47498
-0.2,-0.73982,0.47184
-0.2,-0.74002,0.46392
-0.2,-0.74056,0.47364
-0.2,-0.73918,0.475
-0.2,-0.74002,0.47162
-0.2,-0.742,0.48054
-0.2,-0.74,0.4747
-0.2,-0.74296,0.47176
-0.19,-0.74106,0.48428
-0.19,-0.73382,0.4802
-0.19,-0.743,0.4878
-0.19,-0.73316,0.47584
-0.19,-0.73924,0.4832
-0.19,-0.74108,0.48718
-0.19,-0.74074,0.4834
-0.19,-0.73734,0.47812
-0.19,-0.74024,0.4817
-0.19,-0.73994,0.4821
-0.18,-0.73646,0.48718
-0.18,-0.73438,0.4853
-0.18,-0.7414,0.49016
-0.18,-0.737,0.48954
-0.18,-0.73142,0.48122
-0.18,-0.73038,0.48068
-0.18,-0.7323,0.4876
-0.18,-0.73876,0.48912
-0.18,-0.74042,0.49354
-0.18,-0.7378,0.4881
-0.17,-0.73474,0.49864
-0.17,-0.73442,0.49472
-0.17,-0.74008,0.50306
-0.17,-0.73738,0.49818
-0.17,-0.73414,0.4956
-0.17,-0.73624,0.49684
-0.17,-0.74264,0.5015
-0.17,-0.7353,0.49622
-0.17,-0.73642,0.49654
-0.17,-0.73238,0.49502
-0.16,-0.7255,0.50084
-0.16,-0.72884,0.5015
-0.16,-0.73096,0.49904
-0.16,-0.73554,0.50388
-0.16,-0.7313,0.4996
-0.16,-0.7305,0.50638
-0.16,-0.73214,0.50906
-0.16,-0.73366,0.5051
-0.16,-0.73368,0.50394
-0.16,-0.73098,0.50008
-0.15,-0.73026,0.50708
-0.15,-0.7333,0.51636
-0.15,-0.72484,0.50658
-0.15,-0.73156,0.5069
-0.15,-0.7337,0.5076
-0.15,-0.72408,0.50272
-0.15,-0.72998,0.5021
-0.15,-0.73216,0.51166
-0.15,-0.72702,0.50692
-0.15,-0.7324,0.515
-0.14,-0.72948,0.5177
-0.14,-0.7282,0.51532
-0.14,-0.72406,0.51692
-0.14,-0.73078,0.52892
-0.14,-0.72614,0.5192
-0.14,-0.72738,0.51818
-0.14,-0.72652,0.51626
-0.14,-0.72704,0.51724
-0.14,-0.7339,0.51682
-0.14,-0.73138,0.52912
-0.13,-0.72416,0.52442
-0.13,-0.72654,0.52942
-0.13,-0.72662,0.53178
-0.13,-0.73176,0.53236
-0.13,-0.71264,0.51752
-0.13,-0.72086,0.52368
-0.13,-0.71782,0.51716
-0.13,-0.72236,0.52406
-0.13,-0.72078,0.52532
-0.13,-0.72506,0.52458
-0.12,-0.72526,0.531
-0.12,-0.71664,0.52782
-0.12,-0.7246,0.5336
-0.12,-0.7217,0.53226
-0.12,-0.7181,0.52992
-0.12,-0.71108,0.52082
-0.12,-0.73106,0.5417
-0.12,-0.71934,0.52574
-0.12,-0.7199,0.52974
-0.12,-0.72088,0.52812
-0.11,-0.72046,0.53984
-0.11,-0.71712,0.53832
-0.11,-0.72672,0.54478
-0.11,-0.72218,0.54146
-0.11,-0.7137,0.5372
-0.11,-0.71612,0.53922
-0.11,-0.71368,0.53524
-0.11,-0.71972,0.5419
-0.11,-0.71706,0.53674
-0.11,-0.71864,0.5389
-0.1,-0.71976,0.54916
-0.1,-0.71606,0.54368
-0.1,-0.71888,0.54906
-0.1,-0.71302,0.5445
-0.1,-0.71824,0.54854
-0.1,-0.71002,0.54112
-0.1,-0.71552,0.55018
-0.1,-0.71648,0.54518
-0.1,-0.71558,0.54442
-0.1,-0.71984,0.5524
-0.09,-0.70822,0.54914
-0.09,-0.7083,0.54862
-0.09,-0.71694,0.55876
-0.09,-0.7095,0.54534
-0.09,-0.71302,0.55062
-0.09,-0.71162,0.55156
-0.09,-0.71416,0.553
-0.09,-0.70654,0.55298
-0.09,-0.71454,0.5549
-0.09,-0.71184,0.54672
-0.08,-0.71118,0.55428
-0.08,-0.7107,0.55662
-0.08,-0.70658,0.55792
-0.08,-0.70958,0.5626
-0.08,-0.70834,0.55638
-0.08,-0.7084,0.5584
-0.08,-0.709,0.55636
-0.08,-0.7136,0.5575
-0.08,-0.70786,0.55926
-0.08,-0.71324,0.55958
-0.07,-0.70318,0.55948
-0.07,-0.708,0.56354
-0.07,-0.70238,0.569
-0.07,-0.70514,0.56636
-0.07,-0.70654,0.56642
-0.07,-0.71026,0.57116
-0.07,-0.70578,0.55762
-0.07,-0.70496,0.56418
-0.07,-0.70436,0.55936
-0.07,-0.69886,0.56008
-0.06,-0.69984,0.56844
-0.06,-0.70138,0.57278
-0.06,-0.69956,0.56742
-0.06,-0.70116,0.5658
-0.06,-0.70356,0.57322
-0.06,-0.7033,0.56628
-0.06,-0.70556,0.5676
-0.06,-0.70428,0.56612
-0.06,-0.6971,0.56226
-0.06,-0.70008,0.56804
-0.05,-0.69674,0.5749
-0.05,-0.6972,0.57692
-0.05,-0.7033,0.57814
-0.05,-0.70032,0.57716
-0.05,-0.69928,0.57912
-0.05,-0.70162,0.57296
-0.05,-0.69306,0.57086
-0.05,-0.6968,0.57282
-0.05,-0.69652,0.57448
-0.05,-0.69412,0.5708
-0.04,-0.70004,0.58418
-0.04,-0.68984,0.57552
-0.04,-0.69522,0.58208
-0.04,-0.69672,0.5809
-0.04,-0.69188,0.57808
-0.04,-0.69052,0.58018
-0.04,-0.6911,0.57634
-0.04,-0.69394,0.58254
-0.04,-0.6914,0.57918
-0.04,-0.70174,0.58528
-0.03,-0.6875,0.58586
-0.03,-0.69468,0.59006
-0.03,-0.6874,0.58384
-0.03,-0.6826,0.57912
-0.03,-0.69584,0.59132
-0.03,-0.6927,0.59036
-0.03,-0.68824,0.588
-0.03,-0.68898,0.5784
-0.03,-0.69184,0.58682
-0.03,-0.68864,0.58182
-0.02,-0.68206,0.5906
-0.02,-0.68802,0.5906
-0.02,-0.68188,0.58794
-0.02,-0.68756,0.5868
-0.02,-0.6837,0.58978
-0.02,-0.68246,0.5917
-0.02,-0.68268,0.58694
-0.02,-0.6894,0.59592
-0.02,-0.68098,0.5872
-0.02,-0.69278,0.5917
-0.01,-0.67992,0.59202
-0.01,-0.67758,0.59518
-0.01,-0.67814,0.59172
-0.01,-0.67896,0.59362
-0.01,-0.67684,0.59548
-0.01,-0.6756,0.59188
-0.01,-0.67768,0.58736
-0.01,-0.68038,0.59544
-0.01,-0.68254,0.59638
-0.01,-0.68816,0.5985
7.5287e-16,-0.67178,0.60152
7.5287e-16,-0.67384,0.59524
7.5287e-16,-0.67894,0.59944
7.5287e-16,-0.67254,0.59412
7.5287e-16,-0.67538,0.5992
7.5287e-16,-0.68076,0.6032
7.5287e-16,-0.68084,0.60466
7.5287e-16,-0.67648,0.59694
7.5287e-16,-0.67892,0.60388
7.5287e-16,-0.68278,0.6013
0.01,-0.67214,0.60354
0.01,-0.67174,0.6088
0.01,-0.6728,0.60126
0.01,-0.66768,0.60342
0.01,-0.67162,0.60838
0.01,-0.66894,0.60056
0.01,-0.67378,0.60226
0.01,-0.67474,0.60704
0.01,-0.67484,0.6095
0.01,-0.67436,0.60594
0.02,-0.66504,0.60308
0.02,-0.66704,0.60754
0.02,-0.66642,0.60922
0.02,-0.6644,0.60568
0.02,-0.66224,0.60514
0.02,-0.66478,0.60636
0.02,-0.66342,0.60542
0.02,-0.66612,0.60492
0.02,-0.66556,0.60562
0.02,-0.67428,0.61612
0.03,-0.66014,0.61532
0.03,-0.65926,0.61292
0.03,-0.66362,0.61488
0.03,-0.65912,0.608
0.03,-0.65996,0.60994
0.03,-0.66532,0.6175
0.03,-0.66724,0.61528
0.03,-0.6616,0.61452
0.03,-0.66228,0.6178
0.03,-0.66504,0.61128
0.04,-0.66006,0.6206
0.04,-0.66184,0.61804
0.04,-0.65332,0.61644
0.04,-0.64842,0.60894
0.04,-0.65354,0.61264
0.04,-0.6574,0.61704
0.04,-0.65006,0.61122
0.04,-0.65468,0.61948
0.04,-0.65612,0.62012
0.04,-0.66076,0.61492
0.05,-0.65148,0.62654
0.05,-0.6497,0.62038
0.05,-0.65222,0.62046
0.05,-0.65968,0.62912
0.05,-0.65318,0.61866
0.05,-0.65056,0.61646
0.05,-0.64984,0.62646
0.05,-0.65018,0.62294
0.05,-0.65372,0.61844
0.05,-0.65394,0.6239
0.06,-0.64004,0.62062
0.06,-0.64036,0.6252
0.06,-0.64762,0.63244
0.06,-0.63942,0.6226
0.06,-0.64664,0.6215
0.06,-0.64544,0.62642
0.06,-0.63698,0.62072
0.06,-0.64882,0.6286
0.06,-0.6438,0.62458
0.06,-0.64834,0.6266
0.07,-0.64722,0.6359
0.07,-0.63764,0.6286
0.07,-0.64348,0.6348
0.07,-0.63768,0.63318
0.07,-0.63746,0.62832
0.07,-0.64176,0.63482
0.07,-0.64268,0.627
0.07,-0.6403,0.63262
0.07,-0.6415,0.63248
0.07,-0.64414,0.6313
0.08,-0.63186,0.63264
0.08,-0.6304,0.62896
0.08,-0.63268,0.6319
0.08,-0.63624,0.62916
0.08,-0.63326,0.6319
0.08,-0.63472,0.62856
0.08,-0.63194,0.63464
0.08,-0.63384,0.62982
0.08,-0.6349,0.63298
0.08,-0.63616,0.6366
0.09,-0.63288,0.63692
0.09,-0.62008,0.63444
0.09,-0.63668,0.64092
0.09,-0.631,0.64138
0.09,-0.63202,0.63758
0.09,-0.6243,0.6337
0.09,-0.6243,0.636
0.09,-0.6319,0.64278
0.09,-0.6289,0.63512
0.09,-0.6292,0.63178
0.1,-0.62472,0.64338
0.1,-0.61256,0.63544
0.1,-0.6217,0.63792
0.1,-0.6215,0.63904
0.1,-0.629,0.6438
0.1,-0.62452,0.64198
0.1,-0.62116,0.6409
0.1,-0.62506,0.6438
0.1,-0.62006,0.63594
0.1,-0.6194,0.63832
0.11,-0.61682,0.64274
0.11,-0.61762,0.64312
0.11,-0.61306,0.64322
0.11,-0.6133,0.64382
0.11,-0.61182,0.64122
0.11,-0.60926,0.64094
0.11,-0.62042,0.6462
0.11,-0.61692,0.64264
0.11,-0.61438,0.64256
0.11,-0.61552,0.64348
0.12,-0.60784,0.6509
0.12,-0.61318,0.64686
0.12,-0.60608,0.6446
0.12,-0.60666,0.64704
0.12,-0.60836,0.64654
0.12,-0.60626,0.6472
0.12,-0.60062,0.642
0.12,-0.60488,0.64622
0.12,-0.61022,0.64704
0.12,-0.6125,0.65142
0.13,-0.61072,0.65428
0.13,-0.60442,0.6479
0.13,-0.59994,0.64438
0.13,-0.60028,0.64818
0.13,-0.59724,0.65004
0.13,-0.60276,0.6559
0.13,-0.60114,0.64948
0.13,-0.59208,0.64524
0.13,-0.59822,0.6505
0.13,-0.60494,0.6504
0.14,-0.59,0.64842
0.14,-0.60156,0.65628
0.14,-0.59346,0.65064
0.14,-0.59362,0.6511
0.14,-0.60022,0.6483
0.14,-0.59802,0.6504
0.14,-0.6001,0.65476
0.14,-0.59664,0.65478
0.14,-0.59954,0.64894
0.14,-0.60016,0.6577
0.15,-0.5862,0.655
0.15,-0.58698,0.64842
0.15,-0.58784,0.65706
0.15,-0.59122,0.65776
0.15,-0.59582,0.66006
0.15,-0.58956,0.65778
0.15,-0.58722,0.65712
0.15,-0.58126,0.65118
0.15,-0.59642,0.66514
0.15,-0.58592,0.65664
0.16,-0.58404,0.65596
0.16,-0.5806,0.65938
0.16,-0.5805,0.65834
0.16,-0.5787,0.65806
0.16,-0.57426,0.65146
0.16,-0.57306,0.65598
0.16,-0.58642,0.65884
0.16,-0.58702,0.66744
0.16,-0.5761,0.65594
0.16,-0.57754,0.65446
0.17,-0.56786,0.66106
0.17,-0.56648,0.65592
0.17,-0.56792,0.653
0.17,-0.56216,0.65528
0.17,-0.56824,0.65784
0.17,-0.57352,0.6617
0.17,-0.56998,0.66188
0.17,-0.56224,0.65578
0.17,-0.56678,0.65552
0.17,-0.56258,0.65994
0.18,-0.56106,0.66452
0.18,-0.5623,0.66324
0.18,-0.5545,0.65892
0.18,-0.55518,0.65838
0.18,-0.56066,0.66056
0.18,-0.5645,0.6616
0.18,-0.5612,0.6603
0.18,-0.5561,0.65828
0.18,-0.56022,0.66162
0.18,-0.56004,0.65988
0.19,-0.5512,0.66148
0.19,-0.54722,0.66036
0.19,-0.55436,0.66238
0.19,-0.5584,0.66876
0.19,-0.55006,0.6582
0.19,-0.55568,0.66064
0.19,-0.54666,0.65556
0.19,-0.55186,0.66128
0.19,-0.55046,0.66146
0.19,-0.55226,0.66442
0.2,-0.54166,0.66074
0.2,-0.53976,0.6638
0.2,-0.54686,0.66516
0.2,-0.53834,0.66464
0.2,-0.54436,0.66572
0.2,-0.53898,0.66008
0.2,-0.54512,0.66262
0.2,-0.53784,0.6624
0.2,-0.54022,0.66274
0.2,-0.53414,0.65886
0.21,-0.52792,0.66554
0.21,-0.52636,0.66348
0.21,-0.54312,0.66832
0.21,-0.52978,0.66548
0.21,-0.53168,0.66544
0.21,-0.53664,0.66548
0.21,-0.52802,0.66326
0.21,-0.53668,0.66434
0.21,-0.52404,0.66328
0.21,-0.54336,0.67228
0.22,-0.52728,0.6687
0.22,-0.5197,0.66452
0.22,-0.52844,0.6752
0.22,-0.53144,0.6689
0.22,-0.51926,0.6606
0.22,-0.5278,0.66986
0.22,-0.52382,0.67092
0.22,-0.52098,0.66248
0.22,-0.52596,0.6701
0.22,-0.52624,0.66498
0.23,-0.51954,0.6743
0.23,-0.50578,0.66554
0.23,-0.51194,0.6657
0.23,-0.51046,0.6681
0.23,-0.51544,0.67238
0.23,-0.5129,0.6638
0.23,-0.51058,0.66774
0.23,-0.50802,0.67116
0.23,-0.51818,0.6705
0.23,-0.51902,0.6735
0.24,-0.5043,0.67284
0.24,-0.49276,0.66622
0.24,-0.50746,0.6679
0.24,-0.49776,0.66494
0.24,-0.50486,0.67172
0.24,-0.493,0.66566
0.24,-0.50784,0.672
0.24,-0.5079,0.67012
0.24,-0.50652,0.66894
0.24,-0.4975,0.66548
0.25,-0.49738,0.6743
0.25,-0.49252,0.67132
0.25,-0.48364,0.6628
0.25,-0.48574,0.66622
0.25,-0.48516,0.66962
0.25,-0.49526,0.67064
0.25,-0.4736,0.66054
0.25,-0.4907,0.66926
0.25,-0.489,0.66728
0.25,-0.48826,0.66836
0.26,-0.47112,0.66662
0.26,-0.47732,0.66674
0.26,-0.4826,0.672
0.26,-0.47434,0.66894
0.26,-0.4802,0.67026
0.26,-0.48258,0.66648
0.26,-0.46818,0.66328
0.26,-0.47266,0.66838
0.26,-0.47508,0.6685
0.26,-0.47768,0.66414
0.27,-0.46522,0.66466
0.27,-0.46838,0.6662
0.27,-0.46656,0.66902
0.27,-0.46644,0.6697
0.27,-0.46092,0.67036
0.27,-0.47344,0.67382
0.27,-0.46436,0.6685
0.27,-0.461,0.66776
0.27,-0.46558,0.6671
0.27,-0.46682,0.67226
0.28,-0.4483,0.67112
0.28,-0.45174,0.66886
0.28,-0.45562,0.67078
0.28,-0.44724,0.66568
0.28,-0.45328,0.67164
0.28,-0.43924,0.66534
0.28,-0.441,0.66424
0.28,-0.45174,0.66488
0.28,-0.45818,0.66884
0.28,-0.45414,0.67268
0.29,-0.44096,0.67148
0.29,-0.42702,0.6619
0.29,-0.42814,0.66436
0.29,-0.43786,0.6667
0.29,-0.42834,0.65952
0.29,-0.42532,0.66362
0.29,-0.43636,0.6672
0.29,-0.43224,0.66686
0.29,-0.42508,0.65928
0.29,-0.43056,0.66866
0.3,-0.41168,0.66034
0.3,-0.41774,0.66184
0.3,-0.41376,0.6589
0.3,-0.42286,0.66794
0.3,-0.43158,0.67552
0.3,-0.4188,0.66256
0.3,-0.42246,0.66546
0.3,-0.41532,0.66534
0.3,-0.42034,0.66444
0.3,-0.42166,0.67014
0.31,-0.39918,0.6599
0.31,-0.39974,0.66056
0.31,-0.39734,0.6604
0.31,-0.4064,0.66292
0.31,-0.40482,0.66578
0.31,-0.39998,0.66008
0.31,-0.41116,0.66216
0.31,-0.39402,0.6627
0.31,-0.404,0.6641
0.31,-0.39898,0.6618
0.32,-0.38926,0.66334
0.32,-0.38408,0.65278
0.32,-0.37902,0.65972
0.32,-0.38362,0.66116
0.32,-0.38448,0.66348
0.32,-0.38342,0.65638
0.32,-0.37466,0.65226
0.32,-0.38722,0.6647
0.32,-0.3869,0.6572
0.32,-0.37456,0.65514
0.33,-0.3572,0.6503
0.33,-0.3653,0.65436
0.33,-0.3529,0.64178
0.33,-0.35432,0.64878
0.33,-0.36046,0.65642
0.33,-0.36286,0.65476
0.33,-0.36722,0.65746
0.33,-0.3593,0.65128
0.33,-0.37472,0.66076
0.33,-0.3613,0.65598
0.34,-0.33598,0.64114
0.34,-0.32584,0.64228
0.34,-0.32834,0.63982
0.34,-0.325,0.6338
0.34,-0.33516,0.64422
0.34,-0.339,0.64862
0.34,-0.3372,0.64482
0.34,-0.33952,0.64888
0.34,-0.33198,0.6432
0.34,-0.34272,0.64836
0.35,-0.32638,0.64474
0.35,-0.3164,0.64618
0.35,-0.31612,0.64664
0.35,-0.30488,0.63162
0.35,-0.30832,0.63624
0.35,-0.3065,0.63822
0.35,-0.31708,0.64672
0.35,-0.32042,0.6483
0.35,-0.31012,0.63788
0.35,-0.31226,0.64028
0.36,-0.29134,0.63698
0.36,-0.2878,0.63386
0.36,-0.29586,0.63094
0.36,-0.29742,0.63994
0.36,-0.2837,0.6302
0.36,-0.28652,0.63068
0.36,-0.26732,0.62222
0.36,-0.27108,0.62444
0.36,-0.26754,0.62522
0.36,-0.27512,0.62246
0.37,-0.24096,0.61722
0.37,-0.25048,0.61942
0.37,-0.24884,0.6186
0.37,-0.23918,0.6119
0.37,-0.23934,0.6119
0.37,-0.23612,0.60902
0.37,-0.2334,0.60806
0.37,-0.23408,0.60838
0.37,-0.24232,0.61402
0.37,-0.24802,0.61672
0.38,-0.24172,0.62194
0.38,-0.21444,0.60592
0.38,-0.21122,0.59988
0.38,-0.2014,0.59814
0.38,-0.20072,0.59894
0.38,-0.18224,0.58254
0.38,-0.18236,0.5848
0.38,-0.16962,0.5817
0.38,-0.16626,0.57312
0.38,-0.17738,0.57778
0.39,-0.14468,0.57292
0.39,-0.0985,0.54804
0.39,-0.0418,0.50248
0.39,0.1603,0.3503
0.39,0.6876,-0.18622
0.39,0.76304,-0.29124
0.39,0.76656,-0.28788
0.39,0.76572,-0.294
0.39,0.76582,-0.2941
0.39,0.76616,-0.29594
0.4,0.76496,-0.2751
0.4,0.7653,-0.27636
0.4,0.76486,-0.28422
0.4,0.7656,-0.28274
0.4,0.7636,-0.27626
0.4,0.76812,-0.28214
0.4,0.764,-0.27566
0.4,0.76574,-0.27228
0.4,0.7649,-0.27818
0.4,0.7668,-0.27954
0.41,0.76062,-0.2564
0.41,0.76494,-0.25962
0.41,0.76294,-0.26768
0.41,0.76852,-0.2677
0.41,0.76664,-0.26724
0.41,0.76734,-0.27612
0.41,0.76486,-0.26686
0.41,0.76408,-0.26532
0.41,0.76562,-0.27198
0.41,0.76104,-0.26364
0.42,0.76996,-0.25408
0.42,0.76418,-0.25488
0.42,0.77008,-0.26142
0.42,0.7702,-0.25302
0.42,0.76306,-0.25122
0.42,0.76488,-0.25274
0.42,0.76198,-0.25604
0.42,0.76776,-0.25646
0.42,0.76578,-0.25526
0.42,0.76848,-0.25194
0.43,0.75972,-0.22718
0.43,0.76498,-0.23892
0.43,0.75806,-0.2366
0.43,0.7635,-0.24282
0.43,0.76854,-0.24342
0.43,0.76418,-0.23864
0.43,0.7607,-0.232
0.43,0.7622,-0.23532
0.43,0.76892,-0.24908
0.43,0.76178,-0.23946
0.44,0.7598,-0.22622
0.44,0.76208,-0.21946
0.44,0.76322,-0.2303
0.44,0.76916,-0.2307
0.44,0.7634,-0.22124
0.44,0.77238,-0.2347
0.44,0.76456,-0.23094
0.44,0.76732,-0.23824
0.44,0.76402,-0.2271
0.44,0.76294,-0.23036
0.45,0.76704,-0.21906
0.45,0.7663,-0.21326
0.45,0.77042,-0.21904
0.45,0.76738,-0.2209
0.45,0.76664,-0.21944
0.45,0.76582,-0.21572
0.45,0.76718,-0.22162
0.45,0.76804,-0.22144
0.45,0.76182,-0.22032
0.45,0.76388,-0.21552
0.46,0.76504,-0.20638
0.46,0.7714,-0.21184
0.46,0.76578,-0.20194
0.46,0.7635,-0.20004
0.46,0.76944,-0.21088
0.46,0.76984,-0.2118
0.46,0.7647,-0.20656
0.46,0.76192,-0.20214
0.46,0.76352,-0.20158
0.46,0.76806,-0.20636
0.47,0.76866,-0.19538
0.47,0.76396,-0.19596
0.47,0.7665,-0.19674
0.47,0.76548,-0.19326
0.47,0.76566,-0.1963
0.47,0.76106,-0.18398
0.47,0.76492,-0.19498
0.47,0.77006,-0.19456
0.47,0.76702,-0.19314
0.47,0.76106,-0.19078
0.48,0.76292,-0.17472
0.48,0.76346,-0.1682
0.48,0.76508,-0.18058
0.48,0.76938,-0.18294
0.48,0.76262,-0.18162
0.48,0.76786,-0.18532
0.48,0.76764,-0.1806
0.48,0.7658,-0.183
0.48,0.76734,-0.17988
0.48,0.76406,-0.17742
0.49,0.76358,-0.17104
0.49,0.76078,-0.16916
0.49,0.76658,-0.1652
0.49,0.76578,-0.16612
0.49,0.76808,-0.16704
0.49,0.76236,-0.16252
0.49,0.76862,-0.16726
0.49,0.7667,-0.16798
0.49,0.76394,-0.16546
0.49,0.76626,-0.17478
0.5,0.76262,-0.14636
0.5,0.76182,-0.15024
0.5,0.76228,-0.15266
0.5,0.76048,-0.1518
0.5,0.765,-0.15476
0.5,0.7639,-0.15672
0.5,0.77108,-0.16252
0.5,0.76448,-0.15076
0.5,0.7649,-0.15424
0.5,0.76666,-0.16354
0.51,0.75904,-0.13824
0.51,0.7675,-0.1411
0.51,0.76318,-0.14424
0.51,0.76842,-0.14506
0.51,0.76202,-0.14392
0.51,0.7615,-0.14052
0.51,0.76696,-0.14666
0.51,0.76716,-0.14274
0.51,0.76402,-0.14376
0.51,0.76438,-0.14074
0.52,0.76196,-0.1271
0.52,0.76264,-0.1222
0.52,0.76544,-0.13238
0.52,0.76138,-0.12452
0.52,0.76266,-0.12514
0.52,0.76154,-0.12506
0.52,0.76182,-0.12448
0.52,0.76676,-0.13394
0.52,0.76314,-0.12788
0.52,0.76238,-0.12786
0.53,0.76412,-0.11284
0.53,0.76346,-0.11514
0.53,0.76014,-0.11322
0.53,0.76106,-0.11398
0.53,0.76838,-0.11786
0.53,0.7626,-0.1157
0.53,0.76616,-0.11444
0.53,0.76464,-0.1185
0.53,0.76368,-0.11908
0.53,0.76186,-0.11782
0.54,0.7586,-0.09172
0.54,0.76478,-0.10336
0.54,0.76238,-0.09534
0.54,0.76372,-0.10218
0.54,0.76146,-0.09508
0.54,0.76062,-0.10754
0.54,0.76118,-0.10406
0.54,0.7676,-0.107
0.54,0.7586,-0.10278
0.54,0.75928,-0.09546
0.55,0.75976,-0.08208
0.55,0.75972,-0.08422
0.55,0.76208,-0.08352
0.55,0.75534,-0.07778
0.55,0.76006,-0.08704
0.55,0.76022,-0.08604
0.55,0.7639,-0.09114
0.55,0.7632,-0.09048
0.55,0.75958,-0.08054
0.55,0.7633,-0.0933
0.56,0.77374,-0.0879
0.56,0.75948,-0.07396
0.56,0.76274,-0.0777
0.56,0.76428,-0.0758
0.56,0.7722,-0.07392
0.56,0.76184,-0.07104
0.56,0.76338,-0.0738
0.56,0.76342,-0.0758
0.56,0.76482,-0.08024
0.56,0.76278,-0.06976
0.57,0.76472,-0.06234
0.57,0.76218,-0.05462
0.57,0.7647,-0.06444
0.57,0.76048,-0.06092
0.57,0.76086,-0.05892
0.57,0.75814,-0.0507
0.57,0.7577,-0.05878
0.57,0.75934,-0.06042
0.57,0.76072,-0.0652
0.57,0.76204,-0.05834
0.58,0.7578,-0.0478
0.58,0.76094,-0.04726
0.58,0.75324,-0.02916
0.58,0.76402,-0.04584
0.58,0.7614,-0.05354
0.58,0.7568,-0.03814
0.58,0.75918,-0.03812
0.58,0.7621,-0.05
0.58,0.76052,-0.03898
0.58,0.7578,-0.04218
0.59,0.7626,-0.0396
0.59,0.75878,-0.0357
0.59,0.76494,-0.04212
0.59,0.7614,-0.03444
0.59,0.766,-0.03586
0.59,0.75824,-0.03286
0.59,0.76264,-0.03262
0.59,0.75516,-0.02506
0.59,0.7632,-0.03476
0.59,0.76104,-0.0317
0.6,0.75478,-0.01108
0.6,0.75556,-0.00914
0.6,0.76336,-0.02836
0.6,0.76008,-0.01536
0.6,0.76364,-0.0202
0.6,0.75448,-0.00772
0.6,0.76262,-0.02568
0.6,0.76324,-0.02436
0.6,0.76174,-0.0175
0.6,0.7631,-0.02892
0.61,0.75282,0.00756
0.61,0.7525,0.00458
0.61,0.75746,0.0033
0.61,0.75418,0.00104
0.61,0.75138,0.00558
0.61,0.7536,0.0003
0.61,0.75444,0.00224
0.61,0.75088,0.00108
0.61,0.7557,-0.00432
0.61,0.7566,-0.0046
0.62,0.75986,0.00746
0.62,0.75658,0.01444
0.62,0.7636,0.00804
0.62,0.75616,0.0091
0.62,0.7586,0.0136
0.62,0.757,0.01714
0.62,0.76014,0.00158
0.62,0.76272,0.0012
0.62,0.76098,0.00784
0.62,0.75696,0.01302
0.63,0.75324,0.02848
0.63,0.75422,0.02634
0.63,0.75576,0.02032
0.63,0.75692,0.02518
0.63,0.75328,0.03264
0.63,0.76126,0.02012
0.63,0.7593,0.02226
0.63,0.74926,0.0298
0.63,0.755,0.02772
0.63,0.75662,0.02412
0.64,0.75776,0.03528
0.64,0.75426,0.03522
0.64,0.7551,0.04114
0.64,0.75566,0.03488
0.64,0.75314,0.04512
0.64,0.75474,0.03566
0.64,0.75828,0.03822
0.64,0.75994,0.0388
0.64,0.75598,0.03854
0.64,0.7527,0.04242
0.65,0.76152,0.0412
0.65,0.75394,0.0592
0.65,0.75652,0.05418
0.65,0.74678,0.05926
0.65,0.7596,0.04376
0.65,0.75732,0.05538
0.65,0.7569,0.04662
0.65,0.75596,0.05082
0.65,0.75362,0.05176
0.65,0.75692,0.04984
0.66,0.75724,0.06692
0.66,0.75368,0.05886
0.66,0.75728,0.06698
0.66,0.752,0.06436
0.66,0.75844,0.061
0.66,0.75534,0.06472
0.66,0.75328,0.06696
0.66,0.75294,0.06774
0.66,0.74868,0.06854
0.66,0.75126,0.07048
0.67,0.75152,0.0847
0.67,0.75268,0.08066
0.67,0.75778,0.07396
0.67,0.75146,0.08838
0.67,0.754,0.08084
0.67,0.75512,0.07612
0.67,0.75356,0.0762
0.67,0.75182,0.07908
0.67,0.7575,0.07958
0.67,0.75198,0.07914
0.68,0.74904,0.0955
0.68,0.75988,0.08758
0.68,0.75326,0.09418
0.68,0.7549,0.08846
0.68,0.74688,0.0977
0.68,0.7565,0.09486
0.68,0.74992,0.10228
0.68,0.75362,0.08632
0.68,0.74958,0.10108
0.68,0.7522,0.09206
0.69,0.75608,0.11178
0.69,0.7543,0.10528
0.69,0.74924,0.1077
0.69,0.75232,0.1025
0.69,0.7553,0.10392
0.69,0.7542,0.10598
0.69,0.74764,0.11314
0.69,0.75266,0.10248
0.69,0.75096,0.1086
0.69,0.74674,0.11034
0.7,0.75684,0.12158
0.7,0.75128,0.13018
0.7,0.75614,0.11916
0.7,0.7452,0.12968
0.7,0.7467,0.12536
0.7,0.75864,0.11558
0.7,0.7598,0.11572
0.7,0.75594,0.12102
0.7,0.7523,0.12804
0.7,0.74888,0.12912
0.71,0.75258,0.13502
0.71,0.75314,0.13618
0.71,0.75132,0.13758
0.71,0.75028,0.14148
0.71,0.75096,0.14262
0.71,0.75458,0.13314
0.71,0.75486,0.13304
0.71,0.75296,0.1306
0.71,0.74898,0.13178
0.71,0.7559,0.12578
0.72,0.75896,0.13408
0.72,0.74936,0.1579
0.72,0.74548,0.15414
0.72,0.74856,0.14858
0.72,0.75318,0.1427
0.72,0.752,0.1523
0.72,0.74798,0.14804
0.72,0.75032,0.15202
0.72,0.75052,0.14496
0.72,0.75134,0.15072
0.73,0.75264,0.1596
0.73,0.75212,0.15972
0.73,0.75282,0.15734
0.73,0.75424,0.1579
0.73,0.7474,0.16042
0.73,0.74558,0.1653
0.73,0.74844,0.16124
0.73,0.75424,0.15092
0.73,0.75054,0.16468
0.73,0.75132,0.165
0.74,0.75162,0.17162
0.74,0.75252,0.17374
0.74,0.75748,0.16626
0.74,0.74674,0.17308
0.74,0.74746,0.17874
0.74,0.75136,0.17916
0.74,0.74706,0.1763
0.74,0.75062,0.1697
0.74,0.75264,0.17524
0.74,0.74868,0.17764
0.75,0.74988,0.18416
0.75,0.74858,0.18724
0.75,0.75502,0.18688
0.75,0.75252,0.18436
0.75,0.75216,0.18512
0.75,0.7524,0.18406
0.75,0.75718,0.1764
0.75,0.75354,0.18196
0.75,0.75134,0.18462
0.75,0.75372,0.17916
0.76,0.75014,0.198
0.76,0.74908,0.20788
0.76,0.74568,0.20414
0.76,0.74784,0.20144
0.76,0.75036,0.19286
0.76,0.75614,0.1919
0.76,0.75164,0.19414
0.76,0.74986,0.20422
0.76,0.74992,0.2004
0.76,0.75208,0.20408
0.77,0.75226,0.2055
0.77,0.74868,0.21426
0.77,0.75214,0.21094
0.77,0.74468,0.21696
0.77,0.74626,0.22094
0.77,0.74758,0.2126
0.77,0.75084,0.21654
0.77,0.75268,0.21334
0.77,0.7487,0.21078
0.77,0.7478,0.2118
0.78,0.7562,0.21794
0.78,0.74988,0.22718
0.78,0.7494,0.2239
0.78,0.75212,0.22514
0.78,0.75408,0.22138
0.78,0.74944,0.22878
0.78,0.74538,0.22964
0.78,0.7477,0.23276
0.78,0.752,0.22458
0.78,0.74534,0.22976
0.79,0.75114,0.23558
0.79,0.74626,0.24196
0.79,0.74894,0.2286
0.79,0.74988,0.23872
0.79,0.75434,0.23248
0.79,0.74306,0.24598
0.79,0.7534,0.23334
0.79,0.74966,0.2409
0.79,0.7491,0.23896
0.79,0.74946,0.23566
0.8,0.7491,0.25152
0.8,0.75014,0.25582
0.8,0.75986,0.24512
0.8,0.74786,0.24762
0.8,0.74274,0.25774
0.8,0.749,0.24678
0.8,0.74696,0.2456
0.8,0.75326,0.24848
0.8,0.75002,0.24976
0.8,0.7511,0.24656
0.81,0.7568,0.2568
0.81,0.75356,0.25542
0.81,0.75248,0.25776
0.81,0.75112,0.25606
0.81,0.74932,0.2635
0.81,0.75636,0.25494
0.81,0.7506,0.26578
0.81,0.74796,0.26618
0.81,0.75222,0.255
0.81,0.74978,0.2577
0.82,0.74952,0.27384
0.82,0.75284,0.27324
0.82,0.74686,0.2704
0.82,0.74904,0.27356
0.82,0.75364,0.2739
0.82,0.75946,0.26416
0.82,0.7468,0.27804
0.82,0.75326,0.2703
0.82,0.74974,0.27276
0.82,0.74992,0.26546
0.83,0.75648,0.2777
0.83,0.74822,0.29066
0.83,0.7554,0.28678
0.83,0.75424,0.28248
0.83,0.75288,0.28656
0.83,0.75316,0.27594
0.83,0.74898,0.28662
0.83,0.74906,0.29152
0.83,0.7496,0.28696
0.83,0.75106,0.2844
0.84,0.74872,0.29928
0.84,0.75826,0.29004
0.84,0.75668,0.29054
0.84,0.7539,0.29134
0.84,0.75626,0.2894
0.84,0.75152,0.29024
0.84,0.74896,0.29766
0.84,0.75446,0.29568
0.84,0.75312,0.29774
0.84,0.7531,0.29182
0.85,0.74774,0.30898
0.85,0.75036,0.3152
0.85,0.75244,0.3072
0.85,0.75422,0.3071
0.85,0.74918,0.313
0.85,0.74828,0.31696
0.85,0.75258,0.3099
0.85,0.75326,0.30238
0.85,0.7555,0.30418
0.85,0.75024,0.30896
0.86,0.74904,0.32158
0.86,0.74826,0.32536
0.86,0.7511,0.3183
0.86,0.75424,0.31966
0.86,0.75518,0.31868
0.86,0.75132,0.3159
0.86,0.74814,0.32282
0.86,0.75284,0.31934
0.86,0.74828,0.31236
0.86,0.75188,0.31736
0.87,0.75478,0.32496
0.87,0.75596,0.32512
0.87,0.75878,0.32666
0.87,0.74672,0.33818
0.87,0.75052,0.33108
0.87,0.75538,0.32794
0.87,0.75792,0.32292
0.87,0.75066,0.33156
0.87,0.7531,0.3309
0.87,0.75162,0.33082
0.88,0.75642,0.33612
0.88,0.74896,0.34328
0.88,0.75384,0.34652
0.88,0.75506,0.33972
0.88,0.75776,0.334
0.88,0.7585,0.33322
0.88,0.75538,0.34456
0.88,0.76008,0.33762
0.88,0.75202,0.33868
0.88,0.75748,0.33838
0.89,0.75708,0.3469
0.89,0.7489,0.35178
0.89,0.75008,0.35894
0.89,0.7518,0.35352
0.89,0.75586,0.34506
0.89,0.75378,0.3514
0.89,0.75064,0.35474
0.89,0.75104,0.35596
0.89,0.7565,0.34316
0.89,0.7491,0.35834
0.9,0.75606,0.35714
0.9,0.75814,0.3567
0.9,0.74762,0.37188
0.9,0.7598,0.35748
0.9,0.75646,0.35634
0.9,0.75486,0.3611
0.9,0.75302,0.36892
0.9,0.75664,0.35934
0.9,0.75622,0.3636
0.9,0.75284,0.36084
0.91,0.75572,0.36606
0.91,0.7566,0.36952
0.91,0.75886,0.36742
0.91,0.76322,0.36856
0.91,0.75028,0.37458
0.91,0.75724,0.37126
0.91,0.76038,0.36506
0.91,0.75612,0.368
0.91,0.7587,0.36318
0.91,0.75508,0.37334
0.92,0.75496,0.38642
0.92,0.75394,0.38338
0.92,0.76208,0.37862
0.92,0.75588,0.38112
0.92,0.75186,0.3863
0.92,0.75456,0.38124
0.92,0.76056,0.38082
0.92,0.75436,0.38594
0.92,0.7532,0.38438
0.92,0.75936,0.37546
0.93,0.75658,0.39418
0.93,0.75666,0.3935
0.93,0.76242,0.3799
0.93,0.75854,0.39332
0.93,0.7584,0.39464
0.93,0.76078,0.39032
0.93,0.76106,0.39102
0.93,0.75866,0.39078
0.93,0.75816,0.38958
0.93,0.7588,0.39498
0.94,0.7622,0.39602
0.94,0.75868,0.3932
0.94,0.76318,0.4017
0.94,0.76338,0.39776
0.94,0.75542,0.3999
0.94,0.75958,0.39824
0.94,0.76144,0.39734
0.94,0.7594,0.40268
0.94,0.75884,0.40172
0.94,0.76116,0.39976
0.95,0.7634,0.40614
0.95,0.75844,0.40998
0.95,0.7603,0.41092
0.95,0.76534,0.40886
0.95,0.76556,0.40592
0.95,0.76158,0.4067
0.95,0.7615,0.40796
0.95,0.76028,0.40794
0.95,0.76744,0.40316
0.95,0.76306,0.41682
0.96,0.76386,0.41568
0.96,0.75866,0.42188
0.96,0.76724,0.41184
0.96,0.76088,0.42024
0.96,0.76208,0.4212
0.96,0.76236,0.42394
0.96,0.76164,0.42244
0.96,0.76204,0.42388
0.96,0.76086,0.42098
0.96,0.76464,0.42012
0.97,0.7625,0.4265
0.97,0.76442,0.43138
0.97,0.7625,0.4237
0.97,0.76418,0.43344
0.97,0.76926,0.42576
0.97,0.76744,0.42444
0.97,0.75988,0.43434
0.97,0.77102,0.4203
0.97,0.76288,0.43274
0.97,0.76514,0.42448
0.98,0.76828,0.43074
0.98,0.76384,0.4379
0.98,0.76278,0.44312
0.98,0.76714,0.43944
0.98,0.76498,0.43688
0.98,0.76162,0.43774
0.98,0.76502,0.43962
0.98,0.76598,0.43194
0.98,0.76646,0.44008
0.98,0.76678,0.43372
0.99,0.7685,0.45116
0.99,0.76754,0.44516
0.99,0.76512,0.44194
0.99,0.76638,0.45508
0.99,0.76362,0.44208
0.99,0.76742,0.44556
0.99,0.76754,0.44754
0.99,0.7716,0.43858
0.99,0.76594,0.4452
0.99,0.76606,0.45024
1,0.772,0.4534
1,0.76488,0.45806
1,0.76946,0.45502
1,0.77016,0.4555
1,0.77182,0.45298
1,0.76276,0.45618
1,0.77226,0.456
1,0.76664,0.46152
1,0.76964,0.45056
1,0.77742,0.4454
1.01,0.76678,0.46034
1.01,0.76768,0.46528
1.01,0.76802,0.46426
1.01,0.77006,0.46178
1.01,0.77346,0.46156
1.01,0.77134,0.45936
1.01,0.76644,0.45978
1.01,0.76664,0.46922
1.01,0.77368,0.45556
1.01,0.77312,0.45734
1.02,0.77232,0.46872
1.02,0.77136,0.47608
1.02,0.77462,0.46982
1.02,0.7715,0.47536
1.02,0.77536,0.46316
1.02,0.7756,0.47164
1.02,0.77374,0.47506
1.02,0.77496,0.4732
1.02,0.76622,0.4727
1.02,0.77228,0.4716
1.03,0.77082,0.47616
1.03,0.7724,0.47882
1.03,0.77338,0.47986
1.03,0.77212,0.47994
1.03,0.77502,0.47296
1.03,0.77074,0.48398
1.03,0.77178,0.47796
1.03,0.77658,0.4763
1.03,0.77302,0.47598
1.03,0.7721,0.47944
1.04,0.77572,0.48762
1.04,0.78018,0.48364
1.04,0.77178,0.49706
1.04,0.775,0.48786
1.04,0.77722,0.48336
1.04,0.7761,0.48128
1.04,0.77702,0.49002
1.04,0.77934,0.481
1.04,0.77574,0.48986
1.04,0.77172,0.49034
1.05,0.77754,0.49418
1.05,0.77894,0.493
1.05,0.7783,0.49038
1.05,0.77948,0.48944
1.05,0.77572,0.4957
1.05,0.77566,0.50066
1.05,0.7748,0.49362
1.05,0.77968,0.49836
1.05,0.77408,0.49558
1.05,0.77724,0.49434
1.06,0.78366,0.49712
1.06,0.77774,0.50192
1.06,0.77656,0.50346
1.06,0.7793,0.50154
1.06,0.77826,0.5068
1.06,0.78422,0.4974
1.06,0.7823,0.5037
1.06,0.77858,0.5019
1.06,0.77566,0.50918
1.06,0.7804,0.49946
1.07,0.78038,0.50782
1.07,0.78004,0.51212
1.07,0.78356,0.50394
1.07,0.7839,0.50742
1.07,0.77984,0.51462
1.07,0.78374,0.50544
1.07,0.78496,0.50448
1.07,0.78076,0.5107
1.07,0.78416,0.50842
1.07,0.77874,0.50976
1.08,0.78476,0.51464
1.08,0.7855,0.51022
1.08,0.77898,0.51794
1.08,0.77778,0.5223
1.08,0.77898,0.52164
1.08,0.786,0.52202
1.08,0.78432,0.51354
1.08,0.7787,0.52318
1.08,0.77984,0.51838
1.08,0.78194,0.51652
1.09,0.78336,0.52348
1.09,0.78242,0.53358
1.09,0.78402,0.52556
1.09,0.78326,0.52324
1.09,0.78262,0.52872
1.09,0.7868,0.52458
1.09,0.78754,0.52132
1.09,0.77936,0.52454
1.09,0.79098,0.52082
1.09,0.78608,0.52872
